CustomerID,Recency,Frequency,Monetary,LastPurchaseDate,R_Score,F_Score,M_Score,RFM_Score,Segment
CUST10000,12,23,21265.49,2025-07-17,2,3,2,232,Needs Attention
CUST10001,34,30,28654.31,2025-06-25,3,5,5,355,Needs Attention
CUST10002,17,24,23884.03,2025-07-12,2,3,3,233,Needs Attention
CUST10003,80,25,24206.03,2025-05-10,5,4,3,543,Loyal Customers
CUST10004,7,19,25565.3,2025-07-22,1,1,4,114,Cannot Lose Them
CUST10005,23,29,29459.82,2025-07-06,2,5,5,255,At Risk
CUST10006,10,28,27922.36,2025-07-19,1,5,5,155,At Risk
CUST10007,85,15,14957.060000000001,2025-05-05,5,1,1,511,Needs Attention
CUST10008,2,19,19479.25,2025-07-27,1,1,2,112,Lost Customers
CUST10009,6,25,22832.83,2025-07-23,1,4,3,143,At Risk
CUST10010,13,20,20932.93,2025-07-16,2,2,2,222,Lost Customers
CUST10011,16,22,23159.47,2025-07-13,2,2,3,223,Needs Attention
CUST10012,58,28,26626.07,2025-06-01,4,5,4,454,Champions
CUST10013,12,19,14536.66,2025-07-17,2,1,1,211,Lost Customers
CUST10014,31,21,23325.0,2025-06-28,3,2,3,323,Needs Attention
CUST10015,5,20,26315.71,2025-07-24,1,2,4,124,Cannot Lose Them
CUST10016,3,24,24607.24,2025-07-26,1,3,4,134,Cannot Lose Them
CUST10017,41,25,21241.48,2025-06-18,3,4,2,342,Needs Attention
CUST10018,71,19,20383.920000000002,2025-05-19,4,1,2,412,Needs Attention
CUST10019,154,25,24529.64,2025-02-25,5,4,4,544,Champions
CUST10020,3,22,19111.420000000002,2025-07-26,1,2,2,122,Lost Customers
CUST10021,18,20,18806.9,2025-07-11,2,2,2,222,Lost Customers
CUST10022,59,15,21368.65,2025-05-31,4,1,3,413,Potential Loyalists
CUST10023,78,27,30622.22,2025-05-12,5,4,5,545,Champions
CUST10024,7,24,25362.43,2025-07-22,1,3,4,134,Cannot Lose Them
CUST10025,3,19,14074.550000000001,2025-07-26,1,1,1,111,Lost Customers
CUST10026,68,25,23621.41,2025-05-22,4,4,3,443,Loyal Customers
CUST10027,29,20,22327.31,2025-06-30,3,2,3,323,Needs Attention
CUST10028,10,18,18921.46,2025-07-19,1,1,2,112,Lost Customers
CUST10029,40,24,27318.86,2025-06-19,3,3,4,334,Needs Attention
CUST10030,71,17,15128.23,2025-05-19,4,1,1,411,Needs Attention
CUST10031,34,23,25724.97,2025-06-25,3,3,4,334,Needs Attention
CUST10032,43,27,30688.059999999998,2025-06-16,4,4,5,445,Champions
CUST10033,0,16,12485.71,2025-07-29,1,1,1,111,Lost Customers
CUST10034,152,21,30387.64,2025-02-27,5,2,5,525,Potential Loyalists
CUST10035,28,30,32232.78,2025-07-01,3,5,5,355,Needs Attention
CUST10036,38,17,12860.83,2025-06-21,3,1,1,311,Needs Attention
CUST10037,106,27,27130.43,2025-04-14,5,4,4,544,Champions
CUST10038,17,24,23476.27,2025-07-12,2,3,3,233,Needs Attention
CUST10039,57,22,23178.100000000002,2025-06-02,4,2,3,423,Potential Loyalists
CUST10040,8,23,24650.49,2025-07-21,1,3,4,134,Cannot Lose Them
CUST10041,94,21,18174.28,2025-04-26,5,2,2,522,Needs Attention
CUST10042,68,17,18488.29,2025-05-22,4,1,2,412,Needs Attention
CUST10043,28,30,29659.3,2025-07-01,3,5,5,355,Needs Attention
CUST10044,110,23,28420.190000000002,2025-04-10,5,3,5,535,Loyal Customers
CUST10045,10,27,26609.66,2025-07-19,2,4,4,244,At Risk
CUST10046,10,30,30458.69,2025-07-19,2,5,5,255,At Risk
CUST10047,29,18,19168.239999999998,2025-06-30,3,1,2,312,Needs Attention
CUST10048,29,18,19989.84,2025-06-30,3,1,2,312,Needs Attention
CUST10049,15,34,35725.15,2025-07-14,2,5,5,255,At Risk
CUST10050,15,17,19831.64,2025-07-14,2,1,2,212,Lost Customers
CUST10051,22,23,24862.97,2025-07-07,2,3,4,234,Cannot Lose Them
CUST10052,113,23,22263.09,2025-04-07,5,3,3,533,Loyal Customers
CUST10053,28,30,41674.56,2025-07-01,3,5,5,355,Needs Attention
CUST10054,19,33,36861.79,2025-07-10,2,5,5,255,At Risk
CUST10055,4,27,26342.37,2025-07-25,1,4,4,144,At Risk
CUST10056,31,30,32921.23,2025-06-28,3,5,5,355,Needs Attention
CUST10057,130,21,21213.26,2025-03-21,5,2,2,522,Needs Attention
CUST10058,60,24,22180.19,2025-05-30,4,3,3,433,Loyal Customers
CUST10059,18,23,21670.18,2025-07-11,2,3,3,233,Needs Attention
CUST10060,31,26,29647.63,2025-06-28,3,4,5,345,Needs Attention
CUST10061,4,21,19094.82,2025-07-25,1,2,2,122,Lost Customers
CUST10062,17,27,30194.73,2025-07-12,2,4,5,245,At Risk
CUST10063,71,22,19584.72,2025-05-19,4,2,2,422,Needs Attention
CUST10064,32,26,20293.07,2025-06-27,3,4,2,342,Needs Attention
CUST10065,103,13,15173.99,2025-04-17,5,1,1,511,Needs Attention
CUST10066,25,19,16980.34,2025-07-04,3,1,1,311,Needs Attention
CUST10067,177,27,28540.52,2025-02-02,5,4,5,545,Champions
CUST10068,34,20,26811.92,2025-06-25,3,2,4,324,Needs Attention
CUST10069,6,27,29745.91,2025-07-23,1,4,5,145,At Risk
CUST10070,27,25,23412.36,2025-07-02,3,4,3,343,Needs Attention
CUST10071,49,27,21414.22,2025-06-10,4,4,3,443,Loyal Customers
CUST10072,61,20,19269.82,2025-05-29,4,2,2,422,Needs Attention
CUST10073,6,22,25019.24,2025-07-23,1,2,4,124,Cannot Lose Them
CUST10074,72,18,15022.48,2025-05-18,4,1,1,411,Needs Attention
CUST10075,29,16,14250.63,2025-06-30,3,1,1,311,Needs Attention
CUST10076,15,27,34412.15,2025-07-14,2,4,5,245,At Risk
CUST10077,144,13,15500.23,2025-03-07,5,1,1,511,Needs Attention
CUST10078,170,21,19157.39,2025-02-09,5,2,2,522,Needs Attention
CUST10079,182,25,27773.87,2025-01-28,5,4,4,544,Champions
CUST10080,161,14,15268.83,2025-02-18,5,1,1,511,Needs Attention
CUST10081,18,28,25631.41,2025-07-11,2,5,4,254,At Risk
CUST10082,36,31,31861.25,2025-06-23,3,5,5,355,Needs Attention
CUST10083,76,24,24797.15,2025-05-14,4,3,4,434,Loyal Customers
CUST10084,17,20,20105.38,2025-07-12,2,2,2,222,Lost Customers
CUST10085,38,24,22091.69,2025-06-21,3,3,3,333,Needs Attention
CUST10086,10,23,21872.11,2025-07-19,2,3,3,233,Needs Attention
CUST10087,0,18,15909.34,2025-07-29,1,1,1,111,Lost Customers
CUST10088,1,22,24331.62,2025-07-28,1,2,3,123,Needs Attention
CUST10089,125,23,17913.55,2025-03-26,5,3,1,531,Loyal Customers
CUST10090,25,26,25428.010000000002,2025-07-04,3,4,4,344,Needs Attention
CUST10091,100,16,14476.47,2025-04-20,5,1,1,511,Needs Attention
CUST10092,91,22,17625.85,2025-04-29,5,2,1,521,Needs Attention
CUST10093,75,26,23731.27,2025-05-15,4,4,3,443,Loyal Customers
CUST10094,7,20,18993.77,2025-07-22,1,2,2,122,Lost Customers
CUST10095,2,26,31143.28,2025-07-27,1,4,5,145,At Risk
CUST10096,20,28,24580.510000000002,2025-07-09,2,5,4,254,At Risk
CUST10097,243,19,20866.06,2024-11-28,5,1,2,512,Needs Attention
CUST10098,19,29,25677.14,2025-07-10,2,5,4,254,At Risk
CUST10099,84,20,19215.59,2025-05-06,5,2,2,522,Needs Attention
CUST10100,10,26,22368.02,2025-07-19,2,4,3,243,At Risk
CUST10101,42,30,31308.12,2025-06-17,4,5,5,455,Champions
CUST10102,21,25,28145.06,2025-07-08,2,4,5,245,At Risk
CUST10103,5,19,17131.91,2025-07-24,1,1,1,111,Lost Customers
CUST10104,39,29,25287.92,2025-06-20,3,5,4,354,Needs Attention
CUST10105,0,17,15460.380000000001,2025-07-29,1,1,1,111,Lost Customers
CUST10106,131,23,28357.190000000002,2025-03-20,5,3,5,535,Loyal Customers
CUST10107,30,31,29891.15,2025-06-29,3,5,5,355,Needs Attention
CUST10108,58,21,17499.82,2025-06-01,4,2,1,421,Needs Attention
CUST10109,15,20,19262.11,2025-07-14,2,2,2,222,Lost Customers
CUST10110,3,19,19104.42,2025-07-26,1,1,2,112,Lost Customers
CUST10111,24,29,26939.12,2025-07-05,3,5,4,354,Needs Attention
CUST10112,10,24,28662.05,2025-07-19,2,3,5,235,Cannot Lose Them
CUST10113,5,27,29867.71,2025-07-24,1,4,5,145,At Risk
CUST10114,104,24,23163.03,2025-04-16,5,3,3,533,Loyal Customers
CUST10115,32,18,15766.28,2025-06-27,3,1,1,311,Needs Attention
CUST10116,16,19,26530.97,2025-07-13,2,1,4,214,Cannot Lose Them
CUST10117,2,30,23458.25,2025-07-27,1,5,3,153,At Risk
CUST10118,52,19,17262.89,2025-06-07,4,1,1,411,Needs Attention
CUST10119,26,22,23284.31,2025-07-03,3,2,3,323,Needs Attention
CUST10120,62,17,24587.02,2025-05-28,4,1,4,414,Potential Loyalists
CUST10121,15,24,21757.67,2025-07-14,2,3,3,233,Needs Attention
CUST10122,36,12,12595.31,2025-06-23,3,1,1,311,Needs Attention
CUST10123,24,17,13590.87,2025-07-05,3,1,1,311,Needs Attention
CUST10124,127,30,31363.84,2025-03-24,5,5,5,555,Champions
CUST10125,56,21,20067.81,2025-06-03,4,2,2,422,Needs Attention
CUST10126,31,19,19025.72,2025-06-28,3,1,2,312,Needs Attention
CUST10127,26,25,22845.44,2025-07-03,3,4,3,343,Needs Attention
CUST10128,50,23,31648.97,2025-06-09,4,3,5,435,Loyal Customers
CUST10129,7,25,19982.36,2025-07-22,1,4,2,142,At Risk
CUST10130,68,25,23137.079999999998,2025-05-22,4,4,3,443,Loyal Customers
CUST10131,4,30,32229.5,2025-07-25,1,5,5,155,At Risk
CUST10132,42,19,15169.539999999999,2025-06-17,4,1,1,411,Needs Attention
CUST10133,8,22,17839.95,2025-07-21,1,2,1,121,Lost Customers
CUST10134,87,28,26477.91,2025-05-03,5,5,4,554,Champions
CUST10135,9,30,26564.24,2025-07-20,1,5,4,154,At Risk
CUST10136,24,37,29558.13,2025-07-05,3,5,5,355,Needs Attention
CUST10137,4,14,14635.65,2025-07-25,1,1,1,111,Lost Customers
CUST10138,61,20,23618.99,2025-05-29,4,2,3,423,Potential Loyalists
CUST10139,80,22,22869.38,2025-05-10,5,2,3,523,Potential Loyalists
CUST10140,39,18,18191.01,2025-06-20,3,1,2,312,Needs Attention
CUST10141,104,20,26893.44,2025-04-16,5,2,4,524,Potential Loyalists
CUST10142,103,21,18384.71,2025-04-17,5,2,2,522,Needs Attention
CUST10143,32,25,24155.01,2025-06-27,3,4,3,343,Needs Attention
CUST10144,2,31,28005.14,2025-07-27,1,5,5,155,At Risk
CUST10145,0,20,17762.440000000002,2025-07-29,1,2,1,121,Lost Customers
CUST10146,137,20,19410.93,2025-03-14,5,2,2,522,Needs Attention
CUST10147,82,24,21808.06,2025-05-08,5,3,3,533,Loyal Customers
CUST10148,39,34,33617.24,2025-06-20,3,5,5,355,Needs Attention
CUST10149,48,28,24635.16,2025-06-11,4,5,4,454,Champions
CUST10150,92,19,19246.11,2025-04-28,5,1,2,512,Needs Attention
CUST10151,209,25,26887.19,2025-01-01,5,4,4,544,Champions
CUST10152,2,26,29234.49,2025-07-27,1,4,5,145,At Risk
CUST10153,32,21,20399.19,2025-06-27,3,2,2,322,Needs Attention
CUST10154,271,23,20635.04,2024-10-31,5,3,2,532,Loyal Customers
CUST10155,37,19,16764.21,2025-06-22,3,1,1,311,Needs Attention
CUST10156,173,17,16016.11,2025-02-06,5,1,1,511,Needs Attention
CUST10157,1,32,23516.38,2025-07-28,1,5,3,153,At Risk
CUST10158,6,24,29484.010000000002,2025-07-23,1,3,5,135,Cannot Lose Them
CUST10159,170,20,21495.83,2025-02-09,5,2,3,523,Potential Loyalists
CUST10160,69,28,33240.71,2025-05-21,4,5,5,455,Champions
CUST10161,295,26,28065.93,2024-10-07,5,4,5,545,Champions
CUST10162,41,15,16671.719999999998,2025-06-18,3,1,1,311,Needs Attention
CUST10163,12,27,25634.43,2025-07-17,2,4,4,244,At Risk
CUST10164,8,21,26321.66,2025-07-21,1,2,4,124,Cannot Lose Them
CUST10165,10,26,19192.62,2025-07-19,2,4,2,242,At Risk
CUST10166,17,20,20249.47,2025-07-12,2,2,2,222,Lost Customers
CUST10167,24,18,15608.84,2025-07-05,3,1,1,311,Needs Attention
CUST10168,49,13,11735.21,2025-06-10,4,1,1,411,Needs Attention
CUST10169,74,23,19834.11,2025-05-16,4,3,2,432,Loyal Customers
CUST10170,58,23,18648.32,2025-06-01,4,3,2,432,Loyal Customers
CUST10171,69,25,26021.7,2025-05-21,4,4,4,444,Champions
CUST10172,31,26,33993.03,2025-06-28,3,4,5,345,Needs Attention
CUST10173,10,19,22324.73,2025-07-19,2,1,3,213,Needs Attention
CUST10174,0,29,29017.0,2025-07-29,1,5,5,155,At Risk
CUST10175,168,20,20311.489999999998,2025-02-11,5,2,2,522,Needs Attention
CUST10176,62,29,32829.85,2025-05-28,4,5,5,455,Champions
CUST10177,2,22,22238.59,2025-07-27,1,2,3,123,Needs Attention
CUST10178,48,31,27393.78,2025-06-11,4,5,4,454,Champions
CUST10179,41,32,36781.37,2025-06-18,3,5,5,355,Needs Attention
CUST10180,9,34,33987.78,2025-07-20,1,5,5,155,At Risk
CUST10181,83,22,27047.95,2025-05-07,5,2,4,524,Potential Loyalists
CUST10182,7,32,34487.06,2025-07-22,1,5,5,155,At Risk
CUST10183,1,26,27556.79,2025-07-28,1,4,4,144,At Risk
CUST10184,73,25,30228.38,2025-05-17,4,4,5,445,Champions
CUST10185,8,23,19254.170000000002,2025-07-21,1,3,2,132,Needs Attention
CUST10186,26,22,25731.73,2025-07-03,3,2,4,324,Needs Attention
CUST10187,13,30,37627.78,2025-07-16,2,5,5,255,At Risk
CUST10188,0,24,22906.420000000002,2025-07-29,1,3,3,133,Needs Attention
CUST10189,74,18,17311.5,2025-05-16,4,1,1,411,Needs Attention
CUST10190,132,26,21310.69,2025-03-19,5,4,2,542,Loyal Customers
CUST10191,11,20,19792.84,2025-07-18,2,2,2,222,Lost Customers
CUST10192,59,24,26193.06,2025-05-31,4,3,4,434,Loyal Customers
CUST10193,93,24,26881.66,2025-04-27,5,3,4,534,Loyal Customers
CUST10194,15,26,23410.05,2025-07-14,2,4,3,243,At Risk
CUST10195,9,30,28863.54,2025-07-20,1,5,5,155,At Risk
CUST10196,5,35,37738.94,2025-07-24,1,5,5,155,At Risk
CUST10197,6,26,26897.07,2025-07-23,1,4,4,144,At Risk
CUST10198,16,15,10974.66,2025-07-13,2,1,1,211,Lost Customers
CUST10199,42,26,28694.82,2025-06-17,4,4,5,445,Champions
CUST10200,6,24,22765.35,2025-07-23,1,3,3,133,Needs Attention
CUST10201,8,37,32752.44,2025-07-21,1,5,5,155,At Risk
CUST10202,20,17,15720.880000000001,2025-07-09,2,1,1,211,Lost Customers
CUST10203,138,28,28432.829999999998,2025-03-13,5,5,5,555,Champions
CUST10204,6,23,25724.35,2025-07-23,1,3,4,134,Cannot Lose Them
CUST10205,54,24,26565.7,2025-06-05,4,3,4,434,Loyal Customers
CUST10206,58,27,26817.06,2025-06-01,4,4,4,444,Champions
CUST10207,10,26,28952.6,2025-07-19,2,4,5,245,At Risk
CUST10208,7,16,17657.55,2025-07-22,1,1,1,111,Lost Customers
CUST10209,29,19,16856.76,2025-06-30,3,2,1,321,Needs Attention
CUST10210,175,27,18133.04,2025-02-04,5,4,1,541,Loyal Customers
CUST10211,54,32,25814.05,2025-06-05,4,5,4,454,Champions
CUST10212,17,22,17665.76,2025-07-12,2,2,1,221,Lost Customers
CUST10213,28,26,28117.87,2025-07-01,3,4,5,345,Needs Attention
CUST10214,37,26,29119.829999999998,2025-06-22,3,4,5,345,Needs Attention
CUST10215,28,24,25493.96,2025-07-01,3,3,4,334,Needs Attention
CUST10216,121,24,20627.49,2025-03-30,5,3,2,532,Loyal Customers
CUST10217,4,26,27910.2,2025-07-25,1,4,5,145,At Risk
CUST10218,19,23,23642.45,2025-07-10,2,3,3,233,Needs Attention
CUST10219,75,17,21800.85,2025-05-15,4,1,3,413,Potential Loyalists
CUST10220,2,38,30040.29,2025-07-27,1,5,5,155,At Risk
CUST10221,99,33,28872.22,2025-04-21,5,5,5,555,Champions
CUST10222,118,21,20515.54,2025-04-02,5,2,2,522,Needs Attention
CUST10223,34,25,26611.329999999998,2025-06-25,3,4,4,344,Needs Attention
CUST10224,254,17,19854.87,2024-11-17,5,1,2,512,Needs Attention
CUST10225,2,20,18310.12,2025-07-27,1,2,2,122,Lost Customers
CUST10226,114,24,22484.42,2025-04-06,5,3,3,533,Loyal Customers
CUST10227,3,25,26177.49,2025-07-26,1,4,4,144,At Risk
CUST10228,17,18,18761.56,2025-07-12,2,1,2,212,Lost Customers
CUST10229,108,28,25941.54,2025-04-12,5,5,4,554,Champions
CUST10230,96,26,26053.58,2025-04-24,5,4,4,544,Champions
CUST10231,32,26,30189.899999999998,2025-06-27,3,4,5,345,Needs Attention
CUST10232,71,20,18169.69,2025-05-19,4,2,2,422,Needs Attention
CUST10233,77,29,21753.15,2025-05-13,5,5,3,553,Loyal Customers
CUST10234,19,29,25985.53,2025-07-10,2,5,4,254,At Risk
CUST10235,61,15,18960.97,2025-05-29,4,1,2,412,Needs Attention
CUST10236,32,25,25533.07,2025-06-27,3,4,4,344,Needs Attention
CUST10237,3,26,23003.62,2025-07-26,1,4,3,143,At Risk
CUST10238,24,23,18026.81,2025-07-05,3,3,1,331,Needs Attention
CUST10239,40,25,24657.649999999998,2025-06-19,3,4,4,344,Needs Attention
CUST10240,29,26,31716.04,2025-06-30,3,4,5,345,Needs Attention
CUST10241,0,24,23078.56,2025-07-29,1,3,3,133,Needs Attention
CUST10242,14,22,22193.59,2025-07-15,2,2,3,223,Needs Attention
CUST10243,234,22,20192.31,2024-12-07,5,2,2,522,Needs Attention
CUST10244,5,25,25126.35,2025-07-24,1,4,4,144,At Risk
CUST10245,75,25,24918.34,2025-05-15,4,4,4,444,Champions
CUST10246,28,17,18971.760000000002,2025-07-01,3,1,2,312,Needs Attention
CUST10247,10,21,20336.21,2025-07-19,2,2,2,222,Lost Customers
CUST10248,55,29,28416.74,2025-06-04,4,5,5,455,Champions
CUST10249,9,34,36299.340000000004,2025-07-20,1,5,5,155,At Risk
CUST10250,54,16,18388.43,2025-06-05,4,1,2,412,Needs Attention
CUST10251,33,26,24794.8,2025-06-26,3,4,4,344,Needs Attention
CUST10252,92,23,20494.03,2025-04-28,5,3,2,532,Loyal Customers
CUST10253,74,21,18394.41,2025-05-16,4,2,2,422,Needs Attention
CUST10254,8,22,19834.68,2025-07-21,1,2,2,122,Lost Customers
CUST10255,66,17,15826.8,2025-05-24,4,1,1,411,Needs Attention
CUST10256,107,20,15676.9,2025-04-13,5,2,1,521,Needs Attention
CUST10257,18,27,25727.93,2025-07-11,2,4,4,244,At Risk
CUST10258,0,28,27262.46,2025-07-29,1,5,4,154,At Risk
CUST10259,6,26,29175.21,2025-07-23,1,4,5,145,At Risk
CUST10260,12,21,25294.31,2025-07-17,2,2,4,224,Cannot Lose Them
CUST10261,170,13,14372.08,2025-02-09,5,1,1,511,Needs Attention
CUST10262,36,23,17247.75,2025-06-23,3,3,1,331,Needs Attention
CUST10263,25,30,31098.39,2025-07-04,3,5,5,355,Needs Attention
CUST10264,18,25,21797.739999999998,2025-07-11,2,4,3,243,At Risk
CUST10265,14,26,31026.35,2025-07-15,2,4,5,245,At Risk
CUST10266,10,12,15172.89,2025-07-19,2,1,1,211,Lost Customers
CUST10267,125,24,22989.25,2025-03-26,5,3,3,533,Loyal Customers
CUST10268,75,26,24084.600000000002,2025-05-15,4,4,3,443,Loyal Customers
CUST10269,28,28,27376.14,2025-07-01,3,5,4,354,Needs Attention
CUST10270,57,25,23137.39,2025-06-02,4,4,3,443,Loyal Customers
CUST10271,110,23,19122.53,2025-04-10,5,3,2,532,Loyal Customers
CUST10272,69,17,18281.28,2025-05-21,4,1,2,412,Needs Attention
CUST10273,135,25,20051.489999999998,2025-03-16,5,4,2,542,Loyal Customers
CUST10274,83,24,26545.71,2025-05-07,5,3,4,534,Loyal Customers
CUST10275,21,23,25884.08,2025-07-08,2,3,4,234,Cannot Lose Them
CUST10276,13,17,16685.07,2025-07-16,2,1,1,211,Lost Customers
CUST10277,23,15,15207.33,2025-07-06,2,1,1,211,Lost Customers
CUST10278,17,10,9333.33,2025-07-12,2,1,1,211,Lost Customers
CUST10279,32,25,22648.98,2025-06-27,3,4,3,343,Needs Attention
CUST10280,19,13,17175.13,2025-07-10,2,1,1,211,Lost Customers
CUST10281,40,15,15444.86,2025-06-19,3,1,1,311,Needs Attention
CUST10282,9,23,24158.98,2025-07-20,1,3,3,133,Needs Attention
CUST10283,77,15,17883.73,2025-05-13,5,1,1,511,Needs Attention
CUST10284,93,25,25132.89,2025-04-27,5,4,4,544,Champions
CUST10285,11,25,30398.510000000002,2025-07-18,2,4,5,245,At Risk
CUST10286,8,24,20066.02,2025-07-21,1,3,2,132,Needs Attention
CUST10287,29,28,29505.89,2025-06-30,3,5,5,355,Needs Attention
CUST10288,40,22,19385.53,2025-06-19,3,2,2,322,Needs Attention
CUST10289,33,21,18164.57,2025-06-26,3,2,2,322,Needs Attention
CUST10290,7,33,32842.08,2025-07-22,1,5,5,155,At Risk
CUST10291,42,18,20962.68,2025-06-17,4,1,2,412,Needs Attention
CUST10292,71,23,25271.47,2025-05-19,4,3,4,434,Loyal Customers
CUST10293,10,18,16185.49,2025-07-19,2,1,1,211,Lost Customers
CUST10294,75,17,14302.2,2025-05-15,4,1,1,411,Needs Attention
CUST10295,31,23,20208.21,2025-06-28,3,3,2,332,Needs Attention
CUST10296,124,19,17165.6,2025-03-27,5,2,1,521,Needs Attention
CUST10297,35,18,14440.26,2025-06-24,3,1,1,311,Needs Attention
CUST10298,8,29,26857.73,2025-07-21,1,5,4,154,At Risk
CUST10299,90,20,23217.47,2025-04-30,5,2,3,523,Potential Loyalists
CUST10300,182,22,18116.19,2025-01-28,5,2,1,521,Needs Attention
CUST10301,28,25,30995.96,2025-07-01,3,4,5,345,Needs Attention
CUST10302,67,20,19644.81,2025-05-23,4,2,2,422,Needs Attention
CUST10303,20,15,16470.4,2025-07-09,2,1,1,211,Lost Customers
CUST10304,1,20,18496.13,2025-07-28,1,2,2,122,Lost Customers
CUST10305,0,22,20016.68,2025-07-29,1,2,2,122,Lost Customers
CUST10306,9,17,14432.630000000001,2025-07-20,1,1,1,111,Lost Customers
CUST10307,49,32,31478.9,2025-06-10,4,5,5,455,Champions
CUST10308,7,24,26316.02,2025-07-22,1,3,4,134,Cannot Lose Them
CUST10309,3,24,23864.97,2025-07-26,1,3,3,133,Needs Attention
CUST10310,39,16,14499.86,2025-06-20,3,1,1,311,Needs Attention
CUST10311,44,25,25459.65,2025-06-15,4,4,4,444,Champions
CUST10312,20,28,35451.32,2025-07-09,2,5,5,255,At Risk
CUST10313,7,21,23931.46,2025-07-22,1,2,3,123,Needs Attention
CUST10314,53,15,18672.7,2025-06-06,4,1,2,412,Needs Attention
CUST10315,3,17,15115.08,2025-07-26,1,1,1,111,Lost Customers
CUST10316,7,22,18596.31,2025-07-22,1,2,2,122,Lost Customers
CUST10317,107,16,16497.14,2025-04-13,5,1,1,511,Needs Attention
CUST10318,35,29,27981.69,2025-06-24,3,5,5,355,Needs Attention
CUST10319,151,21,21905.18,2025-02-28,5,2,3,523,Potential Loyalists
CUST10320,1,29,31877.22,2025-07-28,1,5,5,155,At Risk
CUST10321,125,22,22256.43,2025-03-26,5,2,3,523,Potential Loyalists
CUST10322,32,17,18342.27,2025-06-27,3,1,2,312,Needs Attention
CUST10323,33,25,25091.57,2025-06-26,3,4,4,344,Needs Attention
CUST10324,247,22,15207.19,2024-11-24,5,2,1,521,Needs Attention
CUST10325,5,25,25205.83,2025-07-24,1,4,4,144,At Risk
CUST10326,22,25,29754.95,2025-07-07,2,4,5,245,At Risk
CUST10327,38,23,20183.579999999998,2025-06-21,3,3,2,332,Needs Attention
CUST10328,37,22,18712.44,2025-06-22,3,2,2,322,Needs Attention
CUST10329,6,31,29564.45,2025-07-23,1,5,5,155,At Risk
CUST10330,97,23,18284.309999999998,2025-04-23,5,3,2,532,Loyal Customers
CUST10331,38,29,26956.12,2025-06-21,3,5,4,354,Needs Attention
CUST10332,102,24,19041.32,2025-04-18,5,3,2,532,Loyal Customers
CUST10333,47,17,16183.95,2025-06-12,4,1,1,411,Needs Attention
CUST10334,6,21,24120.74,2025-07-23,1,2,3,123,Needs Attention
CUST10335,150,23,22535.25,2025-03-01,5,3,3,533,Loyal Customers
CUST10336,46,25,23750.21,2025-06-13,4,4,3,443,Loyal Customers
CUST10337,33,17,13154.14,2025-06-26,3,1,1,311,Needs Attention
CUST10338,19,24,27838.98,2025-07-10,2,3,5,235,Cannot Lose Them
CUST10339,30,28,28088.33,2025-06-29,3,5,5,355,Needs Attention
CUST10340,68,18,18865.08,2025-05-22,4,1,2,412,Needs Attention
CUST10341,51,26,26182.71,2025-06-08,4,4,4,444,Champions
CUST10342,29,24,29582.62,2025-06-30,3,3,5,335,Needs Attention
CUST10343,40,14,11823.91,2025-06-19,3,1,1,311,Needs Attention
CUST10344,47,23,27523.82,2025-06-12,4,3,4,434,Loyal Customers
CUST10345,7,28,28009.44,2025-07-22,1,5,5,155,At Risk
CUST10346,27,15,16081.25,2025-07-02,3,1,1,311,Needs Attention
CUST10347,2,27,27264.44,2025-07-27,1,4,4,144,At Risk
CUST10348,5,23,21882.21,2025-07-24,1,3,3,133,Needs Attention
CUST10349,186,17,19554.46,2025-01-24,5,1,2,512,Needs Attention
CUST10350,2,13,12931.73,2025-07-27,1,1,1,111,Lost Customers
CUST10351,27,25,24787.75,2025-07-02,3,4,4,344,Needs Attention
CUST10352,95,31,32522.82,2025-04-25,5,5,5,555,Champions
CUST10353,52,23,31410.55,2025-06-07,4,3,5,435,Loyal Customers
CUST10354,32,23,24639.65,2025-06-27,3,3,4,334,Needs Attention
CUST10355,76,28,26167.15,2025-05-14,4,5,4,454,Champions
CUST10356,13,22,18417.12,2025-07-16,2,2,2,222,Lost Customers
CUST10357,44,25,26103.07,2025-06-15,4,4,4,444,Champions
CUST10358,49,25,24876.32,2025-06-10,4,4,4,444,Champions
CUST10359,19,20,17738.94,2025-07-10,2,2,1,221,Lost Customers
CUST10360,34,23,23409.420000000002,2025-06-25,3,3,3,333,Needs Attention
CUST10361,94,28,28268.23,2025-04-26,5,5,5,555,Champions
CUST10362,47,22,26819.54,2025-06-12,4,2,4,424,Potential Loyalists
CUST10363,43,16,17746.75,2025-06-16,4,1,1,411,Needs Attention
CUST10364,7,21,18791.39,2025-07-22,1,2,2,122,Lost Customers
CUST10365,5,26,28124.5,2025-07-24,1,4,5,145,At Risk
CUST10366,35,27,20667.09,2025-06-24,3,4,2,342,Needs Attention
CUST10367,70,22,29118.91,2025-05-20,4,2,5,425,Potential Loyalists
CUST10368,54,24,24060.63,2025-06-05,4,3,3,433,Loyal Customers
CUST10369,70,22,20250.28,2025-05-20,4,2,2,422,Needs Attention
CUST10370,9,26,20439.829999999998,2025-07-20,1,4,2,142,At Risk
CUST10371,5,28,23626.18,2025-07-24,1,5,3,153,At Risk
CUST10372,124,23,23762.14,2025-03-27,5,3,3,533,Loyal Customers
CUST10373,65,33,35231.82,2025-05-25,4,5,5,455,Champions
CUST10374,22,20,24714.77,2025-07-07,2,2,4,224,Cannot Lose Them
CUST10375,103,23,24832.72,2025-04-17,5,3,4,534,Loyal Customers
CUST10376,173,25,27013.37,2025-02-06,5,4,4,544,Champions
CUST10377,27,24,23338.16,2025-07-02,3,3,3,333,Needs Attention
CUST10378,13,22,16664.32,2025-07-16,2,2,1,221,Lost Customers
CUST10379,18,18,20526.54,2025-07-11,2,1,2,212,Lost Customers
CUST10380,116,31,32543.13,2025-04-04,5,5,5,555,Champions
CUST10381,4,29,27119.18,2025-07-25,1,5,4,154,At Risk
CUST10382,111,19,22476.77,2025-04-09,5,2,3,523,Potential Loyalists
CUST10383,32,31,23207.57,2025-06-27,3,5,3,353,Needs Attention
CUST10384,13,21,27666.87,2025-07-16,2,2,4,224,Cannot Lose Them
CUST10385,98,27,22158.34,2025-04-22,5,4,3,543,Loyal Customers
CUST10386,0,30,27051.63,2025-07-29,1,5,4,154,At Risk
CUST10387,5,23,26692.97,2025-07-24,1,3,4,134,Cannot Lose Them
CUST10388,21,28,32326.49,2025-07-08,2,5,5,255,At Risk
CUST10389,178,28,24616.37,2025-02-01,5,5,4,554,Champions
CUST10390,81,22,16754.84,2025-05-09,5,2,1,521,Needs Attention
CUST10391,44,18,18750.09,2025-06-15,4,1,2,412,Needs Attention
CUST10392,11,26,24657.03,2025-07-18,2,4,4,244,At Risk
CUST10393,4,26,24115.670000000002,2025-07-25,1,4,3,143,At Risk
CUST10394,33,28,26865.66,2025-06-26,3,5,4,354,Needs Attention
CUST10395,52,27,28101.46,2025-06-07,4,4,5,445,Champions
CUST10396,49,14,14578.1,2025-06-10,4,1,1,411,Needs Attention
CUST10397,82,26,26216.31,2025-05-08,5,4,4,544,Champions
CUST10398,3,31,29351.969999999998,2025-07-26,1,5,5,155,At Risk
CUST10399,143,23,15190.41,2025-03-08,5,3,1,531,Loyal Customers
CUST10400,83,24,20398.02,2025-05-07,5,3,2,532,Loyal Customers
CUST10401,50,22,24080.4,2025-06-09,4,2,3,423,Potential Loyalists
CUST10402,186,27,26339.09,2025-01-24,5,4,4,544,Champions
CUST10403,38,20,23504.260000000002,2025-06-21,3,2,3,323,Needs Attention
CUST10404,17,35,31433.0,2025-07-12,2,5,5,255,At Risk
CUST10405,42,24,27028.29,2025-06-17,4,3,4,434,Loyal Customers
CUST10406,96,23,21082.18,2025-04-24,5,3,2,532,Loyal Customers
CUST10407,33,20,25355.18,2025-06-26,3,2,4,324,Needs Attention
CUST10408,11,26,22734.39,2025-07-18,2,4,3,243,At Risk
CUST10409,28,16,17380.76,2025-07-01,3,1,1,311,Needs Attention
CUST10410,204,18,15991.630000000001,2025-01-06,5,1,1,511,Needs Attention
CUST10411,42,23,27754.78,2025-06-17,4,3,4,434,Loyal Customers
CUST10412,16,16,19488.42,2025-07-13,2,1,2,212,Lost Customers
CUST10413,133,36,37479.39,2025-03-18,5,5,5,555,Champions
CUST10414,118,21,23287.03,2025-04-02,5,2,3,523,Potential Loyalists
CUST10415,10,23,18333.37,2025-07-19,2,3,2,232,Needs Attention
CUST10416,7,35,28346.89,2025-07-22,1,5,5,155,At Risk
CUST10417,19,18,20034.13,2025-07-10,2,1,2,212,Lost Customers
CUST10418,116,17,17236.89,2025-04-04,5,1,1,511,Needs Attention
CUST10419,50,17,20050.72,2025-06-09,4,1,2,412,Needs Attention
CUST10420,29,26,23912.59,2025-06-30,3,4,3,343,Needs Attention
CUST10421,2,21,24908.09,2025-07-27,1,2,4,124,Cannot Lose Them
CUST10422,8,24,23196.78,2025-07-21,1,3,3,133,Needs Attention
CUST10423,43,22,25191.12,2025-06-16,4,2,4,424,Potential Loyalists
CUST10424,18,17,19527.69,2025-07-11,2,1,2,212,Lost Customers
CUST10425,59,16,19349.67,2025-05-31,4,1,2,412,Needs Attention
CUST10426,42,29,25563.51,2025-06-17,4,5,4,454,Champions
CUST10427,95,22,24153.420000000002,2025-04-25,5,2,3,523,Potential Loyalists
CUST10428,113,17,20971.62,2025-04-07,5,1,2,512,Needs Attention
CUST10429,15,24,28064.88,2025-07-14,2,3,5,235,Cannot Lose Them
CUST10430,21,27,29706.95,2025-07-08,2,4,5,245,At Risk
CUST10431,54,25,26226.870000000003,2025-06-05,4,4,4,444,Champions
CUST10432,0,15,18556.52,2025-07-29,1,1,2,112,Lost Customers
CUST10433,10,30,23058.28,2025-07-19,2,5,3,253,At Risk
CUST10434,8,24,25160.510000000002,2025-07-21,1,3,4,134,Cannot Lose Them
CUST10435,45,18,16235.18,2025-06-14,4,1,1,411,Needs Attention
CUST10436,81,25,32200.6,2025-05-09,5,4,5,545,Champions
CUST10437,24,24,25631.36,2025-07-05,3,3,4,334,Needs Attention
CUST10438,23,33,32246.83,2025-07-06,2,5,5,255,At Risk
CUST10439,15,31,29537.18,2025-07-14,2,5,5,255,At Risk
CUST10440,5,25,26186.9,2025-07-24,1,4,4,144,At Risk
CUST10441,104,26,28492.0,2025-04-16,5,4,5,545,Champions
CUST10442,112,26,21343.66,2025-04-08,5,4,2,542,Loyal Customers
CUST10443,38,18,19456.51,2025-06-21,3,1,2,312,Needs Attention
CUST10444,31,22,18653.94,2025-06-28,3,3,2,332,Needs Attention
CUST10445,0,23,29240.35,2025-07-29,1,3,5,135,Cannot Lose Them
CUST10446,36,28,21858.27,2025-06-23,3,5,3,353,Needs Attention
CUST10447,21,20,22560.22,2025-07-08,2,2,3,223,Needs Attention
CUST10448,2,28,25991.5,2025-07-27,1,5,4,154,At Risk
CUST10449,19,23,18602.19,2025-07-10,2,3,2,232,Needs Attention
CUST10450,10,22,22862.25,2025-07-19,2,3,3,233,Needs Attention
CUST10451,26,25,27303.59,2025-07-03,3,4,4,344,Needs Attention
CUST10452,40,23,29971.16,2025-06-19,3,3,5,335,Needs Attention
CUST10453,29,16,12774.609999999999,2025-06-30,3,1,1,311,Needs Attention
CUST10454,140,19,19800.59,2025-03-11,5,2,2,522,Needs Attention
CUST10455,114,20,18971.83,2025-04-06,5,2,2,522,Needs Attention
CUST10456,30,16,15241.98,2025-06-29,3,1,1,311,Needs Attention
CUST10457,42,23,22527.05,2025-06-17,4,3,3,433,Loyal Customers
CUST10458,5,25,21081.510000000002,2025-07-24,1,4,2,142,At Risk
CUST10459,22,28,28834.02,2025-07-07,2,5,5,255,At Risk
CUST10460,3,15,12543.38,2025-07-26,1,1,1,111,Lost Customers
CUST10461,16,24,23804.16,2025-07-13,2,3,3,233,Needs Attention
CUST10462,109,26,24681.54,2025-04-11,5,4,4,544,Champions
CUST10463,51,27,22830.17,2025-06-08,4,4,3,443,Loyal Customers
CUST10464,33,29,32103.72,2025-06-26,3,5,5,355,Needs Attention
CUST10465,83,29,30303.12,2025-05-07,5,5,5,555,Champions
CUST10466,66,20,17344.29,2025-05-24,4,2,1,421,Needs Attention
CUST10467,54,19,19161.75,2025-06-05,4,2,2,422,Needs Attention
CUST10468,12,18,20915.600000000002,2025-07-17,2,1,2,212,Lost Customers
CUST10469,18,23,21606.38,2025-07-11,2,3,3,233,Needs Attention
CUST10470,14,32,34133.31,2025-07-15,2,5,5,255,At Risk
CUST10471,80,18,18770.56,2025-05-10,5,1,2,512,Needs Attention
CUST10472,33,17,13423.43,2025-06-26,3,1,1,311,Needs Attention
CUST10473,73,26,24677.95,2025-05-17,4,4,4,444,Champions
CUST10474,97,20,24243.05,2025-04-23,5,2,3,523,Potential Loyalists
CUST10475,14,29,30735.6,2025-07-15,2,5,5,255,At Risk
CUST10476,1,26,24745.04,2025-07-28,1,4,4,144,At Risk
CUST10477,41,36,38015.78,2025-06-18,3,5,5,355,Needs Attention
CUST10478,27,22,22823.079999999998,2025-07-02,3,3,3,333,Needs Attention
CUST10479,16,28,25175.66,2025-07-13,2,5,4,254,At Risk
CUST10480,51,23,23622.42,2025-06-08,4,3,3,433,Loyal Customers
CUST10481,57,31,26353.94,2025-06-02,4,5,4,454,Champions
CUST10482,10,19,17982.43,2025-07-19,2,2,1,221,Lost Customers
CUST10483,8,20,23208.07,2025-07-21,1,2,3,123,Needs Attention
CUST10484,273,14,12344.25,2024-10-29,5,1,1,511,Needs Attention
CUST10485,61,20,21361.2,2025-05-29,4,2,3,423,Potential Loyalists
CUST10486,35,31,27366.989999999998,2025-06-24,3,5,4,354,Needs Attention
CUST10487,4,25,19988.829999999998,2025-07-25,1,4,2,142,At Risk
CUST10488,43,28,23454.68,2025-06-16,4,5,3,453,Loyal Customers
CUST10489,11,24,22598.11,2025-07-18,2,3,3,233,Needs Attention
CUST10490,49,24,20227.77,2025-06-10,4,3,2,432,Loyal Customers
CUST10491,108,29,25702.49,2025-04-12,5,5,4,554,Champions
CUST10492,6,18,12918.77,2025-07-23,1,1,1,111,Lost Customers
CUST10493,10,24,26996.29,2025-07-19,2,3,4,234,Cannot Lose Them
CUST10494,107,17,21793.38,2025-04-13,5,1,3,513,Potential Loyalists
CUST10495,28,25,24676.8,2025-07-01,3,4,4,344,Needs Attention
CUST10496,9,17,14000.5,2025-07-20,1,1,1,111,Lost Customers
CUST10497,2,20,26715.21,2025-07-27,1,2,4,124,Cannot Lose Them
CUST10498,67,28,24983.58,2025-05-23,4,5,4,454,Champions
CUST10499,38,34,24403.17,2025-06-21,3,5,4,354,Needs Attention
CUST10500,19,20,19431.67,2025-07-10,2,2,2,222,Lost Customers
CUST10501,7,24,24102.59,2025-07-22,1,3,3,133,Needs Attention
CUST10502,426,13,16877.14,2024-05-29,5,1,1,511,Needs Attention
CUST10503,51,27,32895.08,2025-06-08,4,4,5,445,Champions
CUST10504,53,23,18183.96,2025-06-06,4,3,2,432,Loyal Customers
CUST10505,36,23,29488.329999999998,2025-06-23,3,3,5,335,Needs Attention
CUST10506,75,23,22851.21,2025-05-15,4,3,3,433,Loyal Customers
CUST10507,67,22,24291.75,2025-05-23,4,3,3,433,Loyal Customers
CUST10508,95,25,24280.63,2025-04-25,5,4,3,543,Loyal Customers
CUST10509,59,22,23895.11,2025-05-31,4,3,3,433,Loyal Customers
CUST10510,58,30,44367.33,2025-06-01,4,5,5,455,Champions
CUST10511,6,26,27033.89,2025-07-23,1,4,4,144,At Risk
CUST10512,45,17,19954.23,2025-06-14,4,1,2,412,Needs Attention
CUST10513,8,21,22078.86,2025-07-21,1,2,3,123,Needs Attention
CUST10514,22,18,16999.03,2025-07-07,2,1,1,211,Lost Customers
CUST10515,10,20,18359.62,2025-07-19,2,2,2,222,Lost Customers
CUST10516,52,26,22987.87,2025-06-07,4,4,3,443,Loyal Customers
CUST10517,86,29,33278.66,2025-05-04,5,5,5,555,Champions
CUST10518,150,23,24997.65,2025-03-01,5,3,4,534,Loyal Customers
CUST10519,234,19,23211.21,2024-12-07,5,2,3,523,Potential Loyalists
CUST10520,31,20,23725.59,2025-06-28,3,2,3,323,Needs Attention
CUST10521,3,22,15914.19,2025-07-26,1,3,1,131,Needs Attention
CUST10522,39,28,25568.46,2025-06-20,3,5,4,354,Needs Attention
CUST10523,201,20,20184.81,2025-01-09,5,2,2,522,Needs Attention
CUST10524,58,28,25484.43,2025-06-01,4,5,4,454,Champions
CUST10525,10,27,27808.66,2025-07-19,2,4,4,244,At Risk
CUST10526,115,25,29998.61,2025-04-05,5,4,5,545,Champions
CUST10527,14,27,21700.690000000002,2025-07-15,2,4,3,243,At Risk
CUST10528,47,24,24042.98,2025-06-12,4,3,3,433,Loyal Customers
CUST10529,27,24,25212.18,2025-07-02,3,3,4,334,Needs Attention
CUST10530,75,22,24954.25,2025-05-15,4,3,4,434,Loyal Customers
CUST10531,95,17,12053.75,2025-04-25,5,1,1,511,Needs Attention
CUST10532,93,27,24668.05,2025-04-27,5,4,4,544,Champions
CUST10533,19,28,24125.46,2025-07-10,2,5,3,253,At Risk
CUST10534,87,29,28466.57,2025-05-03,5,5,5,555,Champions
CUST10535,3,16,17192.4,2025-07-26,1,1,1,111,Lost Customers
CUST10536,45,26,24791.83,2025-06-14,4,4,4,444,Champions
CUST10537,12,23,27334.83,2025-07-17,2,3,4,234,Cannot Lose Them
CUST10538,51,25,31479.15,2025-06-08,4,4,5,445,Champions
CUST10539,41,30,31484.36,2025-06-18,3,5,5,355,Needs Attention
CUST10540,13,19,16489.12,2025-07-16,2,2,1,221,Lost Customers
CUST10541,4,24,22662.22,2025-07-25,1,3,3,133,Needs Attention
CUST10542,133,18,16713.27,2025-03-18,5,1,1,511,Needs Attention
CUST10543,27,21,23594.01,2025-07-02,3,2,3,323,Needs Attention
CUST10544,247,24,28246.6,2024-11-24,5,3,5,535,Loyal Customers
CUST10545,6,14,17520.05,2025-07-23,1,1,1,111,Lost Customers
CUST10546,29,24,25082.3,2025-06-30,3,3,4,334,Needs Attention
CUST10547,23,20,18639.33,2025-07-06,3,2,2,322,Needs Attention
CUST10548,12,17,19975.7,2025-07-17,2,1,2,212,Lost Customers
CUST10549,63,22,21075.489999999998,2025-05-27,4,3,2,432,Loyal Customers
CUST10550,76,27,27790.88,2025-05-14,4,4,4,444,Champions
CUST10551,56,20,19818.31,2025-06-03,4,2,2,422,Needs Attention
CUST10552,26,20,23023.15,2025-07-03,3,2,3,323,Needs Attention
CUST10553,12,37,35846.25,2025-07-17,2,5,5,255,At Risk
CUST10554,1,20,15361.02,2025-07-28,1,2,1,121,Lost Customers
CUST10555,39,22,24450.46,2025-06-20,3,3,4,334,Needs Attention
CUST10556,26,27,22419.6,2025-07-03,3,4,3,343,Needs Attention
CUST10557,8,20,20179.88,2025-07-21,1,2,2,122,Lost Customers
CUST10558,6,25,24174.97,2025-07-23,1,4,3,143,At Risk
CUST10559,44,22,21259.74,2025-06-15,4,3,2,432,Loyal Customers
CUST10560,24,30,33199.47,2025-07-05,3,5,5,355,Needs Attention
CUST10561,18,27,31260.399999999998,2025-07-11,2,4,5,245,At Risk
CUST10562,5,23,19145.15,2025-07-24,1,3,2,132,Needs Attention
CUST10563,68,16,15543.01,2025-05-22,4,1,1,411,Needs Attention
CUST10564,40,18,19895.95,2025-06-19,3,1,2,312,Needs Attention
CUST10565,59,22,20021.5,2025-05-31,4,3,2,432,Loyal Customers
CUST10566,162,16,19702.72,2025-02-17,5,1,2,512,Needs Attention
CUST10567,49,22,23612.49,2025-06-10,4,3,3,433,Loyal Customers
CUST10568,93,19,15812.0,2025-04-27,5,2,1,521,Needs Attention
CUST10569,11,16,14672.46,2025-07-18,2,1,1,211,Lost Customers
CUST10570,143,29,30538.07,2025-03-08,5,5,5,555,Champions
CUST10571,229,22,23517.22,2024-12-12,5,3,3,533,Loyal Customers
CUST10572,2,29,30455.41,2025-07-27,1,5,5,155,At Risk
CUST10573,17,22,21276.72,2025-07-12,2,3,2,232,Needs Attention
CUST10574,25,21,22792.88,2025-07-04,3,2,3,323,Needs Attention
CUST10575,102,23,20804.21,2025-04-18,5,3,2,532,Loyal Customers
CUST10576,7,23,17731.35,2025-07-22,1,3,1,131,Needs Attention
CUST10577,18,18,15729.6,2025-07-11,2,1,1,211,Lost Customers
CUST10578,119,23,23728.62,2025-04-01,5,3,3,533,Loyal Customers
CUST10579,1,23,24865.74,2025-07-28,1,3,4,134,Cannot Lose Them
CUST10580,63,25,19595.85,2025-05-27,4,4,2,442,Loyal Customers
CUST10581,36,26,28350.1,2025-06-23,3,4,5,345,Needs Attention
CUST10582,42,19,19920.72,2025-06-17,4,2,2,422,Needs Attention
CUST10583,32,26,23355.49,2025-06-27,3,4,3,343,Needs Attention
CUST10584,27,27,22445.21,2025-07-02,3,4,3,343,Needs Attention
CUST10585,18,24,28453.03,2025-07-11,2,3,5,235,Cannot Lose Them
CUST10586,29,28,24996.27,2025-06-30,3,5,4,354,Needs Attention
CUST10587,1,24,25311.36,2025-07-28,1,3,4,134,Cannot Lose Them
CUST10588,16,17,17384.76,2025-07-13,2,1,1,211,Lost Customers
CUST10589,1,23,19556.47,2025-07-28,1,3,2,132,Needs Attention
CUST10590,1,26,27265.04,2025-07-28,1,4,4,144,At Risk
CUST10591,13,27,23548.72,2025-07-16,2,4,3,243,At Risk
CUST10592,62,21,21528.53,2025-05-28,4,2,3,423,Potential Loyalists
CUST10593,21,23,22820.48,2025-07-08,2,3,3,233,Needs Attention
CUST10594,22,17,14673.51,2025-07-07,2,1,1,211,Lost Customers
CUST10595,28,24,28613.32,2025-07-01,3,4,5,345,Needs Attention
CUST10596,0,24,16789.79,2025-07-29,1,4,1,141,At Risk
CUST10597,143,19,19349.46,2025-03-08,5,2,2,522,Needs Attention
CUST10598,28,24,21105.84,2025-07-01,3,4,2,342,Needs Attention
CUST10599,21,18,17156.22,2025-07-08,2,1,1,211,Lost Customers
CUST10600,75,30,24352.04,2025-05-15,4,5,3,453,Loyal Customers
CUST10601,18,23,22498.58,2025-07-11,2,3,3,233,Needs Attention
CUST10602,23,23,21378.57,2025-07-06,3,3,3,333,Needs Attention
CUST10603,108,20,15887.32,2025-04-12,5,2,1,521,Needs Attention
CUST10604,59,13,12536.369999999999,2025-05-31,4,1,1,411,Needs Attention
CUST10605,91,12,16138.39,2025-04-29,5,1,1,511,Needs Attention
CUST10606,41,23,22397.899999999998,2025-06-18,3,3,3,333,Needs Attention
CUST10607,36,22,23266.59,2025-06-23,3,3,3,333,Needs Attention
CUST10608,401,20,21884.45,2024-06-23,5,2,3,523,Potential Loyalists
CUST10609,64,21,18714.42,2025-05-26,4,2,2,422,Needs Attention
CUST10610,4,23,22279.89,2025-07-25,1,3,3,133,Needs Attention
CUST10611,1,28,24531.18,2025-07-28,1,5,4,154,At Risk
CUST10612,4,22,23820.03,2025-07-25,1,3,3,133,Needs Attention
CUST10613,10,28,28177.510000000002,2025-07-19,2,5,5,255,At Risk
CUST10614,0,17,13111.06,2025-07-29,1,1,1,111,Lost Customers
CUST10615,68,23,21038.27,2025-05-22,4,3,2,432,Loyal Customers
CUST10616,118,32,31208.46,2025-04-02,5,5,5,555,Champions
CUST10617,40,29,32881.78,2025-06-19,3,5,5,355,Needs Attention
CUST10618,50,25,19407.46,2025-06-09,4,4,2,442,Loyal Customers
CUST10619,34,18,21559.690000000002,2025-06-25,3,1,3,313,Needs Attention
CUST10620,20,22,20337.14,2025-07-09,2,3,2,232,Needs Attention
CUST10621,44,30,33635.49,2025-06-15,4,5,5,455,Champions
CUST10622,37,16,12896.12,2025-06-22,3,1,1,311,Needs Attention
CUST10623,133,14,16212.51,2025-03-18,5,1,1,511,Needs Attention
CUST10624,8,16,16533.53,2025-07-21,1,1,1,111,Lost Customers
CUST10625,164,24,21189.38,2025-02-15,5,4,2,542,Loyal Customers
CUST10626,116,28,28290.13,2025-04-04,5,5,5,555,Champions
CUST10627,16,20,21236.11,2025-07-13,2,2,2,222,Lost Customers
CUST10628,75,25,22541.4,2025-05-15,4,4,3,443,Loyal Customers
CUST10629,27,18,15593.1,2025-07-02,3,1,1,311,Needs Attention
CUST10630,5,22,20283.27,2025-07-24,1,3,2,132,Needs Attention
CUST10631,6,22,16194.66,2025-07-23,1,3,1,131,Needs Attention
CUST10632,4,28,31576.39,2025-07-25,1,5,5,155,At Risk
CUST10633,15,30,30800.47,2025-07-14,2,5,5,255,At Risk
CUST10634,15,22,18866.87,2025-07-14,2,3,2,232,Needs Attention
CUST10635,75,24,29768.69,2025-05-15,4,4,5,445,Champions
CUST10636,46,16,16537.71,2025-06-13,4,1,1,411,Needs Attention
CUST10637,48,23,20622.71,2025-06-11,4,3,2,432,Loyal Customers
CUST10638,142,20,19509.19,2025-03-09,5,2,2,522,Needs Attention
CUST10639,148,18,16082.87,2025-03-03,5,1,1,511,Needs Attention
CUST10640,32,21,23559.63,2025-06-27,3,2,3,323,Needs Attention
CUST10641,7,28,28951.6,2025-07-22,1,5,5,155,At Risk
CUST10642,141,24,22796.35,2025-03-10,5,4,3,543,Loyal Customers
CUST10643,23,19,16071.88,2025-07-06,3,2,1,321,Needs Attention
CUST10644,11,30,26997.56,2025-07-18,2,5,4,254,At Risk
CUST10645,9,13,12004.05,2025-07-20,1,1,1,111,Lost Customers
CUST10646,374,25,21739.28,2024-07-20,5,4,3,543,Loyal Customers
CUST10647,2,25,23233.06,2025-07-27,1,4,3,143,At Risk
CUST10648,54,31,32054.27,2025-06-05,4,5,5,455,Champions
CUST10649,25,29,33119.41,2025-07-04,3,5,5,355,Needs Attention
CUST10650,9,25,21513.15,2025-07-20,1,4,3,143,At Risk
CUST10651,156,21,18382.13,2025-02-23,5,2,2,522,Needs Attention
CUST10652,101,29,26380.56,2025-04-19,5,5,4,554,Champions
CUST10653,23,19,18189.23,2025-07-06,3,2,2,322,Needs Attention
CUST10654,16,20,18645.46,2025-07-13,2,2,2,222,Lost Customers
CUST10655,3,20,18436.4,2025-07-26,1,2,2,122,Lost Customers
CUST10656,65,27,23431.77,2025-05-25,4,4,3,443,Loyal Customers
CUST10657,17,28,31941.739999999998,2025-07-12,2,5,5,255,At Risk
CUST10658,73,28,24166.19,2025-05-17,4,5,3,453,Loyal Customers
CUST10659,23,23,20372.5,2025-07-06,3,3,2,332,Needs Attention
CUST10660,52,30,31340.24,2025-06-07,4,5,5,455,Champions
CUST10661,0,22,22575.08,2025-07-29,1,3,3,133,Needs Attention
CUST10662,0,18,15678.99,2025-07-29,1,1,1,111,Lost Customers
CUST10663,92,22,17384.0,2025-04-28,5,3,1,531,Loyal Customers
CUST10664,41,21,15592.0,2025-06-18,3,2,1,321,Needs Attention
CUST10665,48,19,14124.56,2025-06-11,4,2,1,421,Needs Attention
CUST10666,194,22,18803.96,2025-01-16,5,3,2,532,Loyal Customers
CUST10667,212,17,16455.95,2024-12-29,5,1,1,511,Needs Attention
CUST10668,49,14,15743.57,2025-06-10,4,1,1,411,Needs Attention
CUST10669,35,29,27169.03,2025-06-24,3,5,4,354,Needs Attention
CUST10670,36,16,14649.880000000001,2025-06-23,3,1,1,311,Needs Attention
CUST10671,110,34,39763.52,2025-04-10,5,5,5,555,Champions
CUST10672,14,16,14824.689999999999,2025-07-15,2,1,1,211,Lost Customers
CUST10673,5,19,21166.77,2025-07-24,1,2,2,122,Lost Customers
CUST10674,77,20,21250.829999999998,2025-05-13,5,2,2,522,Needs Attention
CUST10675,77,29,28631.71,2025-05-13,5,5,5,555,Champions
CUST10676,73,25,31814.14,2025-05-17,4,4,5,445,Champions
CUST10677,8,26,24491.39,2025-07-21,1,4,4,144,At Risk
CUST10678,54,27,23609.4,2025-06-05,4,4,3,443,Loyal Customers
CUST10679,25,27,23396.93,2025-07-04,3,4,3,343,Needs Attention
CUST10680,21,17,17161.31,2025-07-08,2,1,1,211,Lost Customers
CUST10681,48,22,19884.08,2025-06-11,4,3,2,432,Loyal Customers
CUST10682,7,21,22836.18,2025-07-22,1,2,3,123,Needs Attention
CUST10683,21,23,29468.39,2025-07-08,2,3,5,235,Cannot Lose Them
CUST10684,28,29,24484.940000000002,2025-07-01,3,5,4,354,Needs Attention
CUST10685,195,19,18089.59,2025-01-15,5,2,1,521,Needs Attention
CUST10686,61,22,17468.920000000002,2025-05-29,4,3,1,431,Loyal Customers
CUST10687,49,22,23117.41,2025-06-10,4,3,3,433,Loyal Customers
CUST10688,69,19,17971.02,2025-05-21,4,2,1,421,Needs Attention
CUST10689,220,21,22525.14,2024-12-21,5,2,3,523,Potential Loyalists
CUST10690,42,18,29243.81,2025-06-17,4,1,5,415,Potential Loyalists
CUST10691,109,15,17465.64,2025-04-11,5,1,1,511,Needs Attention
CUST10692,18,24,24359.38,2025-07-11,2,4,4,244,At Risk
CUST10693,21,22,21159.38,2025-07-08,2,3,2,232,Needs Attention
CUST10694,21,22,22082.65,2025-07-08,2,3,3,233,Needs Attention
CUST10695,33,27,24610.36,2025-06-26,3,4,4,344,Needs Attention
CUST10696,36,30,40035.479999999996,2025-06-23,3,5,5,355,Needs Attention
CUST10697,45,30,31834.3,2025-06-14,4,5,5,455,Champions
CUST10698,28,15,15353.75,2025-07-01,3,1,1,311,Needs Attention
CUST10699,20,27,23599.96,2025-07-09,2,4,3,243,At Risk
CUST10700,4,17,19200.63,2025-07-25,1,1,2,112,Lost Customers
CUST10701,16,29,21017.69,2025-07-13,2,5,2,252,At Risk
CUST10702,100,21,24844.72,2025-04-20,5,2,4,524,Potential Loyalists
CUST10703,54,21,23938.16,2025-06-05,4,2,3,423,Potential Loyalists
CUST10704,11,23,25490.21,2025-07-18,2,3,4,234,Cannot Lose Them
CUST10705,59,18,20825.95,2025-05-31,4,1,2,412,Needs Attention
CUST10706,21,22,22626.21,2025-07-08,2,3,3,233,Needs Attention
CUST10707,17,22,19681.27,2025-07-12,2,3,2,232,Needs Attention
CUST10708,14,19,20574.71,2025-07-15,2,2,2,222,Lost Customers
CUST10709,10,23,21982.81,2025-07-19,2,3,3,233,Needs Attention
CUST10710,12,31,25599.91,2025-07-17,2,5,4,254,At Risk
CUST10711,76,19,19527.1,2025-05-14,4,2,2,422,Needs Attention
CUST10712,48,17,13125.9,2025-06-11,4,1,1,411,Needs Attention
CUST10713,106,23,27701.45,2025-04-14,5,3,4,534,Loyal Customers
CUST10714,11,16,13656.35,2025-07-18,2,1,1,211,Lost Customers
CUST10715,69,24,21794.46,2025-05-21,4,4,3,443,Loyal Customers
CUST10716,3,31,30340.3,2025-07-26,1,5,5,155,At Risk
CUST10717,3,26,25772.54,2025-07-26,1,4,4,144,At Risk
CUST10718,0,21,23920.64,2025-07-29,1,2,3,123,Needs Attention
CUST10719,2,23,28344.0,2025-07-27,1,3,5,135,Cannot Lose Them
CUST10720,3,35,35168.68,2025-07-26,1,5,5,155,At Risk
CUST10721,6,22,23759.260000000002,2025-07-23,1,3,3,133,Needs Attention
CUST10722,48,27,27985.489999999998,2025-06-11,4,4,5,445,Champions
CUST10723,15,19,12865.45,2025-07-14,2,2,1,221,Lost Customers
CUST10724,1,24,27372.260000000002,2025-07-28,1,4,4,144,At Risk
CUST10725,11,20,21723.2,2025-07-18,2,2,3,223,Needs Attention
CUST10726,7,22,21731.940000000002,2025-07-22,1,3,3,133,Needs Attention
CUST10727,114,26,26903.26,2025-04-06,5,4,4,544,Champions
CUST10728,15,18,18860.99,2025-07-14,2,1,2,212,Lost Customers
CUST10729,35,6,5052.6900000000005,2025-06-24,3,1,1,311,Needs Attention
CUST10730,68,20,21032.57,2025-05-22,4,2,2,422,Needs Attention
CUST10731,76,21,20494.81,2025-05-14,4,2,2,422,Needs Attention
CUST10732,82,29,28783.09,2025-05-08,5,5,5,555,Champions
CUST10733,35,26,25890.21,2025-06-24,3,4,4,344,Needs Attention
CUST10734,34,30,30211.98,2025-06-25,3,5,5,355,Needs Attention
CUST10735,0,27,26650.39,2025-07-29,1,4,4,144,At Risk
CUST10736,133,22,20743.1,2025-03-18,5,3,2,532,Loyal Customers
CUST10737,104,18,18145.49,2025-04-16,5,1,1,511,Needs Attention
CUST10738,304,23,20721.98,2024-09-28,5,3,2,532,Loyal Customers
CUST10739,2,20,19495.04,2025-07-27,1,2,2,122,Lost Customers
CUST10740,40,15,12293.19,2025-06-19,3,1,1,311,Needs Attention
CUST10741,70,23,17101.420000000002,2025-05-20,4,3,1,431,Loyal Customers
CUST10742,9,26,29405.57,2025-07-20,1,4,5,145,At Risk
CUST10743,12,33,28176.99,2025-07-17,2,5,5,255,At Risk
CUST10744,32,27,23672.84,2025-06-27,3,4,3,343,Needs Attention
CUST10745,2,21,14006.23,2025-07-27,1,2,1,121,Lost Customers
CUST10746,14,25,26244.16,2025-07-15,2,4,4,244,At Risk
CUST10747,3,28,23626.81,2025-07-26,1,5,3,153,At Risk
CUST10748,33,21,20786.26,2025-06-26,3,2,2,322,Needs Attention
CUST10749,5,27,29668.14,2025-07-24,1,4,5,145,At Risk
CUST10750,103,19,15889.87,2025-04-17,5,2,1,521,Needs Attention
CUST10751,136,15,10536.13,2025-03-15,5,1,1,511,Needs Attention
CUST10752,9,28,35848.37,2025-07-20,1,5,5,155,At Risk
CUST10753,19,19,21106.39,2025-07-10,2,2,2,222,Lost Customers
CUST10754,10,21,25437.19,2025-07-19,2,2,4,224,Cannot Lose Them
CUST10755,53,28,31264.05,2025-06-06,4,5,5,455,Champions
CUST10756,39,12,16036.83,2025-06-20,3,1,1,311,Needs Attention
CUST10757,3,26,25630.57,2025-07-26,1,4,4,144,At Risk
CUST10758,18,30,29783.06,2025-07-11,2,5,5,255,At Risk
CUST10759,4,27,23852.67,2025-07-25,1,4,3,143,At Risk
CUST10760,212,18,18263.42,2024-12-29,5,1,2,512,Needs Attention
CUST10761,151,24,25740.25,2025-02-28,5,4,4,544,Champions
CUST10762,33,23,19526.58,2025-06-26,3,3,2,332,Needs Attention
CUST10763,139,23,22951.77,2025-03-12,5,3,3,533,Loyal Customers
CUST10764,13,24,23822.0,2025-07-16,2,4,3,243,At Risk
CUST10765,89,12,14202.53,2025-05-01,5,1,1,511,Needs Attention
CUST10766,27,27,25673.55,2025-07-02,3,4,4,344,Needs Attention
CUST10767,76,24,30431.89,2025-05-14,4,4,5,445,Champions
CUST10768,12,21,17705.64,2025-07-17,2,2,1,221,Lost Customers
CUST10769,0,27,25229.08,2025-07-29,1,4,4,144,At Risk
CUST10770,66,26,19415.59,2025-05-24,4,4,2,442,Loyal Customers
CUST10771,49,26,26455.82,2025-06-10,4,4,4,444,Champions
CUST10772,46,31,29948.850000000002,2025-06-13,4,5,5,455,Champions
CUST10773,31,22,25221.36,2025-06-28,3,3,4,334,Needs Attention
CUST10774,17,23,22206.46,2025-07-12,2,3,3,233,Needs Attention
CUST10775,53,27,24696.28,2025-06-06,4,4,4,444,Champions
CUST10776,3,33,41050.76,2025-07-26,1,5,5,155,At Risk
CUST10777,31,27,26496.19,2025-06-28,3,5,4,354,Needs Attention
CUST10778,78,22,26091.739999999998,2025-05-12,5,3,4,534,Loyal Customers
CUST10779,38,26,26214.1,2025-06-21,3,4,4,344,Needs Attention
CUST10780,35,28,24476.45,2025-06-24,3,5,4,354,Needs Attention
CUST10781,14,24,20433.5,2025-07-15,2,4,2,242,At Risk
CUST10782,45,29,31020.65,2025-06-14,4,5,5,455,Champions
CUST10783,78,17,22564.98,2025-05-12,5,1,3,513,Potential Loyalists
CUST10784,0,19,17439.239999999998,2025-07-29,1,2,1,121,Lost Customers
CUST10785,6,18,19512.46,2025-07-23,1,1,2,112,Lost Customers
CUST10786,11,22,17571.94,2025-07-18,2,3,1,231,Needs Attention
CUST10787,11,29,27403.98,2025-07-18,2,5,4,254,At Risk
CUST10788,58,25,30930.190000000002,2025-06-01,4,4,5,445,Champions
CUST10789,25,29,27519.93,2025-07-04,3,5,4,354,Needs Attention
CUST10790,70,23,18209.09,2025-05-20,4,3,2,432,Loyal Customers
CUST10791,14,20,18253.63,2025-07-15,2,2,2,222,Lost Customers
CUST10792,108,27,28794.09,2025-04-12,5,5,5,555,Champions
CUST10793,90,20,21112.04,2025-04-30,5,2,2,522,Needs Attention
CUST10794,75,23,21193.38,2025-05-15,4,3,2,432,Loyal Customers
CUST10795,0,21,21806.47,2025-07-29,1,2,3,123,Needs Attention
CUST10796,23,22,21956.21,2025-07-06,3,3,3,333,Needs Attention
CUST10797,6,29,30935.2,2025-07-23,1,5,5,155,At Risk
CUST10798,402,18,17864.55,2024-06-22,5,1,1,511,Needs Attention
CUST10799,31,19,22146.55,2025-06-28,3,2,3,323,Needs Attention
CUST10800,37,19,16643.15,2025-06-22,3,2,1,321,Needs Attention
CUST10801,3,15,17885.86,2025-07-26,1,1,1,111,Lost Customers
CUST10802,19,23,21800.81,2025-07-10,2,3,3,233,Needs Attention
CUST10803,52,27,31343.62,2025-06-07,4,5,5,455,Champions
CUST10804,11,20,16082.79,2025-07-18,2,2,1,221,Lost Customers
CUST10805,35,22,27274.81,2025-06-24,3,3,4,334,Needs Attention
CUST10806,3,21,25299.11,2025-07-26,1,2,4,124,Cannot Lose Them
CUST10807,55,15,15923.74,2025-06-04,4,1,1,411,Needs Attention
CUST10808,1,22,23879.43,2025-07-28,1,3,3,133,Needs Attention
CUST10809,0,18,15454.71,2025-07-29,1,1,1,111,Lost Customers
CUST10810,22,17,14250.39,2025-07-07,2,1,1,211,Lost Customers
CUST10811,76,26,23363.350000000002,2025-05-14,4,4,3,443,Loyal Customers
CUST10812,40,16,18133.48,2025-06-19,3,1,1,311,Needs Attention
CUST10813,98,27,20536.39,2025-04-22,5,5,2,552,Loyal Customers
CUST10814,13,22,21941.29,2025-07-16,2,3,3,233,Needs Attention
CUST10815,86,16,22271.44,2025-05-04,5,1,3,513,Potential Loyalists
CUST10816,19,26,27770.239999999998,2025-07-10,2,4,4,244,At Risk
CUST10817,149,21,20549.48,2025-03-02,5,2,2,522,Needs Attention
CUST10818,269,21,22551.33,2024-11-02,5,2,3,523,Potential Loyalists
CUST10819,202,17,28195.23,2025-01-08,5,1,5,515,Potential Loyalists
CUST10820,19,22,23497.05,2025-07-10,2,3,3,233,Needs Attention
CUST10821,88,15,14003.31,2025-05-02,5,1,1,511,Needs Attention
CUST10822,16,24,22563.53,2025-07-13,2,4,3,243,At Risk
CUST10823,39,19,16619.39,2025-06-20,3,2,1,321,Needs Attention
CUST10824,96,15,13214.18,2025-04-24,5,1,1,511,Needs Attention
CUST10825,46,22,25054.13,2025-06-13,4,3,4,434,Loyal Customers
CUST10826,145,15,13115.82,2025-03-06,5,1,1,511,Needs Attention
CUST10827,24,19,19921.81,2025-07-05,3,2,2,322,Needs Attention
CUST10828,20,24,23479.19,2025-07-09,2,4,3,243,At Risk
CUST10829,63,26,27033.03,2025-05-27,4,4,4,444,Champions
CUST10830,8,22,21030.28,2025-07-21,1,3,2,132,Needs Attention
CUST10831,45,36,36714.39,2025-06-14,4,5,5,455,Champions
CUST10832,6,22,17777.44,2025-07-23,1,3,1,131,Needs Attention
CUST10833,6,30,30481.37,2025-07-23,1,5,5,155,At Risk
CUST10834,11,24,26357.44,2025-07-18,2,4,4,244,At Risk
CUST10835,52,17,22525.16,2025-06-07,4,1,3,413,Potential Loyalists
CUST10836,2,21,19923.1,2025-07-27,1,2,2,122,Lost Customers
CUST10837,41,19,15354.51,2025-06-18,3,2,1,321,Needs Attention
CUST10838,9,21,23994.36,2025-07-20,1,2,3,123,Needs Attention
CUST10839,148,27,19030.18,2025-03-03,5,5,2,552,Loyal Customers
CUST10840,96,24,35835.93,2025-04-24,5,4,5,545,Champions
CUST10841,42,24,25661.36,2025-06-17,4,4,4,444,Champions
CUST10842,1,25,22698.11,2025-07-28,1,4,3,143,At Risk
CUST10843,45,19,12559.82,2025-06-14,4,2,1,421,Needs Attention
CUST10844,109,18,19339.18,2025-04-11,5,1,2,512,Needs Attention
CUST10845,367,20,16561.88,2024-07-27,5,2,1,521,Needs Attention
CUST10846,58,25,22163.36,2025-06-01,4,4,3,443,Loyal Customers
CUST10847,30,21,20806.64,2025-06-29,3,2,2,322,Needs Attention
CUST10848,26,23,22324.81,2025-07-03,3,3,3,333,Needs Attention
CUST10849,14,23,22204.8,2025-07-15,2,3,3,233,Needs Attention
CUST10850,114,16,15421.67,2025-04-06,5,1,1,511,Needs Attention
CUST10851,25,38,33390.42,2025-07-04,3,5,5,355,Needs Attention
CUST10852,25,24,26406.03,2025-07-04,3,4,4,344,Needs Attention
CUST10853,2,12,14743.76,2025-07-27,1,1,1,111,Lost Customers
CUST10854,17,29,32764.66,2025-07-12,2,5,5,255,At Risk
CUST10855,20,24,27415.04,2025-07-09,2,4,4,244,At Risk
CUST10856,157,20,22478.69,2025-02-22,5,2,3,523,Potential Loyalists
CUST10857,19,16,16668.03,2025-07-10,2,1,1,211,Lost Customers
CUST10858,11,21,20033.5,2025-07-18,2,2,2,222,Lost Customers
CUST10859,71,23,26617.02,2025-05-19,4,3,4,434,Loyal Customers
CUST10860,24,15,14256.91,2025-07-05,3,1,1,311,Needs Attention
CUST10861,99,26,29502.27,2025-04-21,5,4,5,545,Champions
CUST10862,30,27,26850.95,2025-06-29,3,5,4,354,Needs Attention
CUST10863,56,21,20022.62,2025-06-03,4,2,2,422,Needs Attention
CUST10864,14,30,24306.49,2025-07-15,2,5,3,253,At Risk
CUST10865,9,21,23217.07,2025-07-20,1,2,3,123,Needs Attention
CUST10866,104,22,21494.56,2025-04-16,5,3,3,533,Loyal Customers
CUST10867,129,21,18119.4,2025-03-22,5,2,1,521,Needs Attention
CUST10868,16,21,17401.79,2025-07-13,2,2,1,221,Lost Customers
CUST10869,47,23,21041.14,2025-06-12,4,3,2,432,Loyal Customers
CUST10870,6,22,24694.72,2025-07-23,1,3,4,134,Cannot Lose Them
CUST10871,14,27,30129.99,2025-07-15,2,5,5,255,At Risk
CUST10872,12,23,22676.86,2025-07-17,2,3,3,233,Needs Attention
CUST10873,37,28,21159.68,2025-06-22,3,5,2,352,Needs Attention
CUST10874,0,26,28196.940000000002,2025-07-29,1,4,5,145,At Risk
CUST10875,48,30,26126.71,2025-06-11,4,5,4,454,Champions
CUST10876,6,29,36661.47,2025-07-23,1,5,5,155,At Risk
CUST10877,25,23,22304.11,2025-07-04,3,3,3,333,Needs Attention
CUST10878,0,27,27597.7,2025-07-29,1,5,4,154,At Risk
CUST10879,76,35,35802.26,2025-05-14,4,5,5,455,Champions
CUST10880,31,23,28125.3,2025-06-28,3,3,5,335,Needs Attention
CUST10881,50,27,26680.21,2025-06-09,4,5,4,454,Champions
CUST10882,20,25,25680.32,2025-07-09,2,4,4,244,At Risk
CUST10883,35,25,28496.12,2025-06-24,3,4,5,345,Needs Attention
CUST10884,81,21,22064.54,2025-05-09,5,2,3,523,Potential Loyalists
CUST10885,12,15,17224.81,2025-07-17,2,1,1,211,Lost Customers
CUST10886,11,30,29984.92,2025-07-18,2,5,5,255,At Risk
CUST10887,179,25,20054.98,2025-01-31,5,4,2,542,Loyal Customers
CUST10888,41,15,10537.46,2025-06-18,3,1,1,311,Needs Attention
CUST10889,55,19,19827.05,2025-06-04,4,2,2,422,Needs Attention
CUST10890,74,22,26338.17,2025-05-16,4,3,4,434,Loyal Customers
CUST10891,22,16,13832.57,2025-07-07,2,1,1,211,Lost Customers
CUST10892,1,28,29606.61,2025-07-28,1,5,5,155,At Risk
CUST10893,19,27,28337.43,2025-07-10,2,5,5,255,At Risk
CUST10894,98,17,13560.69,2025-04-22,5,1,1,511,Needs Attention
CUST10895,10,25,17686.57,2025-07-19,2,4,1,241,At Risk
CUST10896,8,30,31227.15,2025-07-21,1,5,5,155,At Risk
CUST10897,119,30,31665.44,2025-04-01,5,5,5,555,Champions
CUST10898,61,20,25784.1,2025-05-29,4,2,4,424,Potential Loyalists
CUST10899,22,15,17193.22,2025-07-07,2,1,1,211,Lost Customers
CUST10900,14,15,15691.76,2025-07-15,2,1,1,211,Lost Customers
CUST10901,132,24,23355.42,2025-03-19,5,4,3,543,Loyal Customers
CUST10902,29,25,36752.84,2025-06-30,3,4,5,345,Needs Attention
CUST10903,33,25,22768.65,2025-06-26,3,4,3,343,Needs Attention
CUST10904,523,23,19849.489999999998,2024-02-22,5,3,2,532,Loyal Customers
CUST10905,3,27,27108.32,2025-07-26,1,5,4,154,At Risk
CUST10906,183,20,19197.04,2025-01-27,5,2,2,522,Needs Attention
CUST10907,16,18,13389.130000000001,2025-07-13,2,1,1,211,Lost Customers
CUST10908,41,23,19158.38,2025-06-18,3,3,2,332,Needs Attention
CUST10909,47,23,22205.51,2025-06-12,4,3,3,433,Loyal Customers
CUST10910,26,17,17808.24,2025-07-03,3,1,1,311,Needs Attention
CUST10911,10,22,18957.46,2025-07-19,2,3,2,232,Needs Attention
CUST10912,96,22,27124.53,2025-04-24,5,3,4,534,Loyal Customers
CUST10913,222,20,18126.92,2024-12-19,5,2,1,521,Needs Attention
CUST10914,14,22,20289.16,2025-07-15,2,3,2,232,Needs Attention
CUST10915,13,22,23520.31,2025-07-16,2,3,3,233,Needs Attention
CUST10916,1,26,24754.51,2025-07-28,1,4,4,144,At Risk
CUST10917,16,15,15907.140000000001,2025-07-13,2,1,1,211,Lost Customers
CUST10918,55,15,12886.98,2025-06-04,4,1,1,411,Needs Attention
CUST10919,5,27,26190.28,2025-07-24,1,5,4,154,At Risk
CUST10920,64,19,18680.82,2025-05-26,4,2,2,422,Needs Attention
CUST10921,38,18,17668.27,2025-06-21,3,1,1,311,Needs Attention
CUST10922,0,19,19132.510000000002,2025-07-29,1,2,2,122,Lost Customers
CUST10923,15,23,21375.34,2025-07-14,2,3,3,233,Needs Attention
CUST10924,27,28,26685.96,2025-07-02,3,5,4,354,Needs Attention
CUST10925,21,29,29265.13,2025-07-08,2,5,5,255,At Risk
CUST10926,63,23,23250.69,2025-05-27,4,3,3,433,Loyal Customers
CUST10927,24,29,27206.3,2025-07-05,3,5,4,354,Needs Attention
CUST10928,8,29,31764.98,2025-07-21,1,5,5,155,At Risk
CUST10929,108,13,13706.67,2025-04-12,5,1,1,511,Needs Attention
CUST10930,24,30,33656.340000000004,2025-07-05,3,5,5,355,Needs Attention
CUST10931,3,28,28500.11,2025-07-26,1,5,5,155,At Risk
CUST10932,29,19,16020.529999999999,2025-06-30,3,2,1,321,Needs Attention
CUST10933,41,19,23303.18,2025-06-18,3,2,3,323,Needs Attention
CUST10934,65,22,24971.54,2025-05-25,4,3,4,434,Loyal Customers
CUST10935,10,29,28915.94,2025-07-19,2,5,5,255,At Risk
CUST10936,18,27,24698.24,2025-07-11,2,5,4,254,At Risk
CUST10937,58,26,16258.94,2025-06-01,4,4,1,441,Loyal Customers
CUST10938,75,19,17689.95,2025-05-15,4,2,1,421,Needs Attention
CUST10939,70,18,19939.08,2025-05-20,4,1,2,412,Needs Attention
CUST10940,0,20,18430.21,2025-07-29,1,2,2,122,Lost Customers
CUST10941,20,32,32591.3,2025-07-09,2,5,5,255,At Risk
CUST10942,0,20,16315.07,2025-07-29,1,2,1,121,Lost Customers
CUST10943,27,18,20066.13,2025-07-02,3,1,2,312,Needs Attention
CUST10944,39,31,44784.99,2025-06-20,3,5,5,355,Needs Attention
CUST10945,19,34,31920.010000000002,2025-07-10,2,5,5,255,At Risk
CUST10946,21,16,14499.78,2025-07-08,2,1,1,211,Lost Customers
CUST10947,21,20,15859.869999999999,2025-07-08,2,2,1,221,Lost Customers
CUST10948,51,19,13705.96,2025-06-08,4,2,1,421,Needs Attention
CUST10949,11,15,17746.72,2025-07-18,2,1,1,211,Lost Customers
CUST10950,55,28,29570.54,2025-06-04,4,5,5,455,Champions
CUST10951,16,27,23076.04,2025-07-13,2,5,3,253,At Risk
CUST10952,128,22,24999.45,2025-03-23,5,3,4,534,Loyal Customers
CUST10953,43,23,24980.940000000002,2025-06-16,4,3,4,434,Loyal Customers
CUST10954,26,20,21868.97,2025-07-03,3,2,3,323,Needs Attention
CUST10955,6,27,28094.190000000002,2025-07-23,1,5,5,155,At Risk
CUST10956,0,23,21801.31,2025-07-29,1,3,3,133,Needs Attention
CUST10957,18,21,24385.52,2025-07-11,2,2,4,224,Cannot Lose Them
CUST10958,7,28,27937.87,2025-07-22,1,5,5,155,At Risk
CUST10959,61,30,25566.5,2025-05-29,4,5,4,454,Champions
CUST10960,45,23,21344.57,2025-06-14,4,3,3,433,Loyal Customers
CUST10961,9,18,18227.68,2025-07-20,1,1,2,112,Lost Customers
CUST10962,28,18,17069.37,2025-07-01,3,1,1,311,Needs Attention
CUST10963,77,29,31282.64,2025-05-13,5,5,5,555,Champions
CUST10964,87,21,19290.6,2025-05-03,5,2,2,522,Needs Attention
CUST10965,23,29,25945.1,2025-07-06,3,5,4,354,Needs Attention
CUST10966,9,27,29347.84,2025-07-20,1,5,5,155,At Risk
CUST10967,124,20,18966.96,2025-03-27,5,2,2,522,Needs Attention
CUST10968,2,18,16979.79,2025-07-27,1,1,1,111,Lost Customers
CUST10969,8,17,17819.05,2025-07-21,1,1,1,111,Lost Customers
CUST10970,21,24,21921.0,2025-07-08,2,4,3,243,At Risk
CUST10971,12,22,26445.09,2025-07-17,2,3,4,234,Cannot Lose Them
CUST10972,20,20,14662.119999999999,2025-07-09,2,2,1,221,Lost Customers
CUST10973,11,15,10375.619999999999,2025-07-18,2,1,1,211,Lost Customers
CUST10974,25,24,27829.29,2025-07-04,3,4,4,344,Needs Attention
CUST10975,68,28,29704.0,2025-05-22,4,5,5,455,Champions
CUST10976,62,24,25589.31,2025-05-28,4,4,4,444,Champions
CUST10977,21,27,30372.82,2025-07-08,2,5,5,255,At Risk
CUST10978,108,23,23094.17,2025-04-12,5,3,3,533,Loyal Customers
CUST10979,23,15,13406.83,2025-07-06,3,1,1,311,Needs Attention
CUST10980,24,20,14980.21,2025-07-05,3,2,1,321,Needs Attention
CUST10981,23,18,17379.42,2025-07-06,3,1,1,311,Needs Attention
CUST10982,28,17,18685.89,2025-07-01,3,1,2,312,Needs Attention
CUST10983,35,28,29173.42,2025-06-24,3,5,5,355,Needs Attention
CUST10984,183,25,27261.55,2025-01-27,5,4,4,544,Champions
CUST10985,25,29,25912.05,2025-07-04,3,5,4,354,Needs Attention
CUST10986,82,24,18609.5,2025-05-08,5,4,2,542,Loyal Customers
CUST10987,57,20,25293.3,2025-06-02,4,2,4,424,Potential Loyalists
CUST10988,52,17,16806.78,2025-06-07,4,1,1,411,Needs Attention
CUST10989,76,28,32468.32,2025-05-14,5,5,5,555,Champions
CUST10990,51,23,23696.46,2025-06-08,4,3,3,433,Loyal Customers
CUST10991,31,21,23621.72,2025-06-28,3,2,3,323,Needs Attention
CUST10992,59,19,12437.01,2025-05-31,4,2,1,421,Needs Attention
CUST10993,42,25,29290.19,2025-06-17,4,4,5,445,Champions
CUST10994,22,25,29266.57,2025-07-07,2,4,5,245,At Risk
CUST10995,401,21,24325.19,2024-06-23,5,2,3,523,Potential Loyalists
CUST10996,14,21,21809.11,2025-07-15,2,2,3,223,Needs Attention
CUST10997,31,20,21120.48,2025-06-28,3,2,2,322,Needs Attention
CUST10998,125,25,29494.56,2025-03-26,5,4,5,545,Champions
CUST10999,4,23,22028.01,2025-07-25,1,3,3,133,Needs Attention
